,acc,QDA,LDA,GNB,Logistic,Arbre binaire,Random Forest
0,f1_score,0.7312973970075834,0.8812877263581489,0.6952146231258984,0.8790860044430339,0.9448086276168323,0.9454545454545455
1,cross_val,0.74725,0.89125,0.7085,0.893,0.953,0.95375
