,type_acc,K_nearest,LDA,QDA,GNB,Logistic,Tree,randomForest
0,f1_score_avecDiff,0.8870351502801833,0.878154750495176,0.759876504316048,0.7459343162690628,0.8806905370843989,0.9391437895949319,0.9994238525062416
1,cross_val_avecDiff,0.8860597014925373,0.8852835820895523,0.7718507462686567,0.7556417910447761,0.8878208955223881,0.9402985074626866,0.953134328358209
2,Log_loss_avecDiff,3.7134867000842027,3.99189210883695,7.977509043890332,8.404537210992576,3.9060672226718274,1.9907125914869257,0.01883947796039413
3,accuracy_avecDiff,0.8924848484848484,0.8844242424242424,0.7690303030303031,0.7566666666666667,0.8869090909090909,0.9423636363636364,0.9994545454545455
0,f1_score_sansDiff,0.8475889226002195,0.8787975695554844,0.7673830594184576,0.7293461733400914,0.8798825631861118,0.9332737373092393,0.999743950838561
1,cross_val_sansDiff,0.8505373134328358,0.8850746268656716,0.7800298507462686,0.7417910447761193,0.8872537313432836,0.9338805970149253,0.9281194029850746
2,Log_loss_sansDiff,4.942238898177053,3.9667723202852563,7.703287682005517,8.94251058587659,3.939560435608921,2.1874820554479646,0.008373085162247842
3,accuracy_sansDiff,0.856909090909091,0.8851515151515151,0.776969696969697,0.7410909090909091,0.8859393939393939,0.9366666666666666,0.9997575757575757
