vars;moyen_empirique;escart_type
dif_hp;-0.03302;35.56392
dif_atk;0.08594;46.15817
dif_def;0.09994;44.72193
dif_spatk;0.22968;46.18222
dif_spdef;0.05858;39.44816
dif_sp;-0.0648;41.34077
nbrContre;539.7418;377.9853
probWinParType;0.5376834;0.1843877

